ID,Property,Value
11,First Name,ABC11
11,Last Name,XYZ11
11,Age,13
12,First Name,ABC12
12,Last Name,XYZ12
12,Age,34
13,First Name,ABC12
13,Last Name,XYZ12
13,Age,34
14,First Name,ABC12
14,Last Name,XYZ12
14,Age,34
15,First Name,ABC12
15,Last Name,XYZ12
15,Age,34
16,First Name,ABC12
16,Last Name,XYZ12
16,Age,34
17,First Name,ABC12
17,Last Name,XYZ12
17,Age,34
18,First Name,ABC12
18,Last Name,XYZ12
18,Age,34
19,First Name,ABC12
19,Last Name,XYZ12
19,Age,34
19,P1,34
19,P2,34
19,P3,34
19,P4,34
10,First Name,ABC12
25,Name,Payton
1,Name,Ben